brand,year,filename,color_count,avg_brightness,palette,coverage,vividness,hue_families,hue_spread,hs_colorfulness,has_gradient_evidence,edge_density,aspect_ratio,viewbox_width,viewbox_height,has_gradient,has_shadow,has_3d,has_text_element,font_type,font_families,change_score,color_delta,sat_delta,edge_delta,industry
Applebees,1980,1980.jpg,5,0.7787,"#df0304,#156564,#da7d7d,#d03639,#f3c3c1",0.974,73.6,2,0.121,182.4,1,0.0504,1.7787,900,506,,,,,unknown,,,,,,restaurants
Applebees,1982,1982.png,2,0.4674,"#ee1c24,#000000",0.669,90.0,1,0.0,155.4,1,0.0491,1.7778,1536,864,,,,,unknown,,0.217,-3,-0.27,-0.0013,restaurants
Applebees,1983,1983.png,4,0.5524,"#01693f,#fbfcfc,#cc2229,#020202",0.628,47.5,2,0.473,104.5,1,0.0538,1.7778,1536,864,,,,,unknown,,0.2412,2,-0.509,0.0047,restaurants
Applebees,1984,1984.png,4,0.5524,"#01693f,#fcfdfd,#010101,#cc2229",0.623,47.7,2,0.474,104.4,1,0.053,1.7778,1536,864,,,,,unknown,,0.0005,0,-0.001,-0.0008,restaurants
Applebees,1985,1985.png,4,0.5515,"#026940,#010101,#fbfcfc,#cc2229",0.657,46.6,2,0.434,104.7,1,0.048,1.6667,1000,600,,,,,unknown,,0.0026,0,0.003,-0.005,restaurants
Applebees,2007,2007.jpg,5,0.6985,"#6a663c,#b40938,#ec3026,#d5d2c1,#9c9a81",0.946,40.8,2,0.212,105.2,1,0.0318,1.7787,900,506,,,,,unknown,,0.0575,1,0.005,-0.0162,restaurants
Applebees,2014,2014.jpg,4,0.5677,"#424041,#b24026,#c8c5c5,#878686",0.352,58.6,1,0.0,80.7,1,0.0249,1.7857,2500,1400,,,,,unknown,,0.1143,-1,-0.245,-0.0069,restaurants
Applebees,2017,2017.jpg,4,0.5667,"#424041,#b24026,#c7c5c4,#878686",0.308,58.6,1,0.0,76.7,1,0.0294,1.7857,2500,1400,,,,,unknown,,0.0098,0,-0.04,0.0045,restaurants
Burger King,1969,1969.png,3,0.9504,"#f39713,#e52821,#fffbec",0.729,79.5,2,0.042,140.8,1,0.0313,1.7786,3840,2159,,,,,unknown,,,,,,restaurants
Burger King,1994,1994.png,2,0.9675,"#ff9a01,#ee1d25",1.0,85.8,2,0.044,140.5,1,0.0292,1.7786,3840,2159,,,,,unknown,,0.0848,-1,-0.003,-0.0021,restaurants
Burger King,1999,1999.jpg,5,0.8892,"#eb1e23,#ffb935,#0265b0,#e77477,#eed7d5",0.985,71.1,3,0.317,194.1,1,0.0339,1.7778,3840,2160,,,,,unknown,,0.2716,3,0.536,0.0047,restaurants
Burger King,2021,2021.jpg,3,0.9315,"#ff8731,#f4eadb,#d62401",0.685,78.2,1,0.009,129.2,1,0.0264,1.6667,4000,2400,,,,,unknown,,0.2578,-2,-0.649,-0.0075,restaurants
Chick-fil-A,1964,1964.png,5,0.6077,"#050405,#fafafa,#ff2124,#b3b2b2,#565556",0.185,90.7,1,0.001,106.0,1,0.0383,1.7778,3840,2160,,,,,unknown,,,,,,restaurants
Chick-fil-A,1975,1975.png,2,0.5038,"#020202,#ff0202",0.122,104.0,1,0.0,102.7,1,0.0324,1.7778,3840,2160,,,,,unknown,,0.159,-3,-0.033,-0.0059,restaurants
Chick-fil-A,1985,1985.png,2,0.5039,"#020202,#ff2439",0.122,89.8,1,0.0,86.0,1,0.0322,1.7778,3840,2160,,,,,unknown,,0.0335,0,-0.167,-0.0002,restaurants
Chick-fil-A,1998,1998.png,1,1.0,#ff393e,1.0,85.2,1,0.0,73.6,1,0.0302,1.7778,3840,2160,,,,,unknown,,0.1506,-1,-0.124,-0.002,restaurants
Chick-fil-A,2012,2012.jpg,4,0.8772,"#dc1e37,#f3d0d5,#ce4e60,#e299a4",0.977,72.4,1,0.002,102.3,1,0.0309,2.3148,1500,648,,,,,unknown,,0.2452,3,0.287,0.0007,restaurants
Chipotle,1993,1993.png,1,0.1377,#231f20,0.0,0.0,0,0.0,1.8,1,0.0371,1.5903,1110,698,,,,,unknown,,,,,,restaurants
Chipotle,2008,2008.png,3,0.606,"#010101,#d30412,#fcfbfb",0.402,84.9,1,0.001,135.8,1,0.0402,1.3333,800,600,,,,,unknown,,0.4484,2,1.34,0.0031,restaurants
Chipotle,2009,2009.jpg,4,0.701,"#c81d0f,#4d0e02,#d87269,#deb5b1",0.976,69.6,1,0.001,105.9,1,0.0319,1.7778,3840,2160,,,,,unknown,,0.1256,1,-0.299,-0.0083,restaurants
Domino's,1969,1969.jpg,6,0.787,"#022696,#de251b,#f9d4d0,#c9d7ef,#c44f48,#3a5094",0.979,71.4,2,0.338,164.4,1,0.0369,1.5,900,600,,,,,unknown,,,,,,restaurants
Domino's,1975,1975.jpg,3,0.979,"#0c11fd,#fc0c12,#f4c8c9",0.991,110.0,2,0.294,244.3,1,0.0415,1.7787,900,506,,,,,unknown,,0.2866,-3,0.799,0.0046,restaurants
Domino's,1996,1996.jpg,5,0.8283,"#dd293a,#047bac,#bbe4ef,#71b2ca,#df828b",0.988,55.5,3,0.459,181.6,1,0.0259,1.7787,900,506,,,,,unknown,,0.2441,2,-0.627,-0.0156,restaurants
Domino's,2012,2012.jpg,4,0.7629,"#03648f,#e21836,#76a8b9,#c1dbe0",0.978,37.0,2,0.438,138.0,1,0.0201,1.8933,2272,1200,,,,,unknown,,0.152,-1,-0.436,-0.0058,restaurants
Dunkin,1967,1967.jpg,3,0.9462,"#ed4799,#f9dcef,#eeaccf",0.989,67.4,1,0.0,76.9,1,0.0261,1.7778,1280,720,,,,,unknown,,,,,,restaurants
Dunkin,1976,1976.png,3,0.9975,"#fd336f,#ff502b,#ffffff",0.933,80.8,1,0.031,123.2,1,0.0303,1.7778,1600,900,,,,,unknown,,0.0943,0,0.463,0.0042,restaurants
Dunkin,1977,1977.png,2,0.9962,"#ff502b,#fd336f",1.0,82.0,1,0.032,105.6,1,0.0322,1.7778,1600,900,,,,,unknown,,0.1193,-1,-0.176,0.0019,restaurants
Dunkin,2002,2002.jpg,6,0.9348,"#e71b99,#f07a29,#f7ddc3,#f8d5ef,#eaa572,#e683c3",0.988,71.7,2,0.173,143.0,1,0.0321,1.7778,1280,720,,,,,unknown,,0.254,4,0.374,-0.0001,restaurants
Dunkin,2007,2007.jpg,5,0.8279,"#f5821f,#e01482,#663717,#f1dec7,#f4c9e5",0.979,69.0,2,0.158,143.9,1,0.0344,1.7778,1280,720,,,,,unknown,,0.0444,-1,0.009,0.0023,restaurants
Dunkin,2019,2019.png,2,0.9785,"#fe6d01,#f50390",1.0,88.1,2,0.013,105.4,1,0.0194,1.7778,3840,2160,,,,,unknown,,0.233,-3,-0.385,-0.015,restaurants
Dunkin,2022,2022.jpg,3,0.9406,"#ef6a02,#ed9d59,#f4d3b3",0.993,80.5,1,0.005,99.5,1,0.0214,1.7778,3840,2160,,,,,unknown,,0.1084,1,-0.059,0.002,restaurants
McDonalds,1968,1968.png,2,0.4954,"#fab318,#020202",0.724,78.7,1,0.0,135.0,1,0.0261,1.7778,3840,2160,,,,,unknown,,,,,,restaurants
McDonalds,1975,1975.png,3,0.942,"#d52b1e,#fdc82f,#fefcfc",0.948,79.3,2,0.05,121.1,1,0.0303,1.7778,3840,2160,,,,,unknown,,0.1253,1,-0.139,0.0042,restaurants
McDonalds,1993,1993.png,2,0.4957,"#fbb30c,#020201",0.714,79.6,1,0.0,142.8,1,0.0231,1.7778,3840,2160,,,,,unknown,,0.1421,-1,0.217,-0.0072,restaurants
McDonalds,2003,2003.png,1,0.9469,#f1bc01,1.0,81.0,1,0.0,69.9,1,0.0163,1.7778,3840,2160,,,,,unknown,,0.2735,-1,-0.729,-0.0068,restaurants
McDonalds,2006,2006.png,1,1.0,#ffc401,1.0,84.1,1,0.0,74.6,1,0.0161,1.7778,3840,2160,,,,,unknown,,0.0095,0,0.047,-0.0002,restaurants
Starbucks,1971,1971.png,4,0.5047,"#371616,#cdc7c7,#978a8a,#685454",0.847,18.1,1,0.0,19.4,1,0.1213,1.0364,455,439,,,,,unknown,,,,,,restaurants
Starbucks,1987,1987.png,3,0.4881,"#fdfdfd,#017655,#020202",0.424,37.6,1,0.001,73.1,1,0.1113,1.0,863,863,,,,,unknown,,0.1739,-1,0.537,-0.01,restaurants
Starbucks,1992,1992.png,3,0.4881,"#077656,#fdfefd,#010101",0.457,37.3,1,0.0,71.2,1,0.1003,1.0,862,862,,,,,unknown,,0.0082,0,-0.019,-0.011,restaurants
Starbucks,2001,2001.png,2,0.7188,"#01704a,#fefefe",0.574,39.0,1,0.0,74.1,1,0.0678,1.0,2000,2000,,,,,unknown,,0.1021,-1,0.029,-0.0325,restaurants
Subway,1968,1968.png,1,0.0,#000000,0.0,0.0,0,0.0,0.0,0,0.0252,1.6667,1000,600,,,,,unknown,,,,,,restaurants
Subway,1970,1970.png,1,0.0,#000000,0.0,0.0,0,0.0,0.0,0,0.036,1.6667,1000,600,,,,,unknown,,0.0043,0,0.0,0.0108,restaurants
Subway,1972,1972.png,1,0.0002,#000000,0.0,0.0,0,0.0,0.0,0,0.0288,1.7778,1600,900,,,,,unknown,,0.0029,0,0.0,-0.0072,restaurants
Subway,1973,1973.png,1,1.0,#ffb403,1.0,82.5,1,0.0,76.5,1,0.0171,1.7778,3840,2160,,,,,unknown,,0.1702,0,0.765,-0.0117,restaurants
Subway,1976,1976.png,2,0.4775,"#000000,#f3cd00",0.201,77.6,1,0.0,98.5,1,0.031,1.7773,3000,1688,,,,,unknown,,0.1746,1,0.22,0.0139,restaurants
Subway,1981,1981.png,4,0.4588,"#010000,#fbd608,#8d6b0d,#4c3305",0.184,68.7,1,0.004,84.1,1,0.0414,1.7778,1600,900,,,,,unknown,,0.158,2,-0.144,0.0104,restaurants
Subway,1984,1984.png,4,0.4639,"#010100,#f9d403,#a88f02,#372e00",0.394,78.4,1,0.0,130.9,1,0.0409,1.7817,800,449,,,,,unknown,,0.0938,0,0.468,-0.0005,restaurants
Subway,1988,1988.png,3,0.656,"#010101,#fefefe,#f7ed1a",0.217,84.2,1,0.0,98.9,1,0.0268,1.7778,3840,2160,,,,,unknown,,0.1321,-1,-0.32,-0.0141,restaurants
Subway,2002,2002.png,3,0.7767,"#fdfefe,#045644,#fef200",0.716,56.4,2,0.141,149.4,1,0.0269,1.7778,3840,2160,,,,,unknown,,0.1135,0,0.505,0.0001,restaurants
Subway,2015,2015.png,1,0.6687,#03ab46,1.0,71.2,1,0.0,59.3,1,0.0211,1.7778,3840,2160,,,,,unknown,,0.3617,-2,-0.901,-0.0058,restaurants
Subway,2016,2016.jpg,4,0.7826,"#018c43,#fdba14,#5ab284,#c7e3d0",0.994,65.9,2,0.167,168.5,1,0.0196,2.2333,7200,3224,,,,,unknown,,0.419,3,1.092,-0.0015,restaurants
Taco Bell,1962,1962.png,5,0.7706,"#f7cf03,#efeff7,#e68d02,#b51a01,#234f4b",0.78,63.8,3,0.144,151.0,1,0.0226,1.7778,3840,2160,,,,,unknown,,,,,,restaurants
Taco Bell,1972,1972.png,1,0.231,#3b2416,0.995,16.6,1,0.0,11.2,1,0.0259,1.7778,3840,2160,,,,,unknown,,0.5059,-4,-1.398,0.0033,restaurants
Taco Bell,1985,1985.png,4,0.8176,"#45030b,#ff1a01,#ffee00,#ff7901",0.985,56.6,3,0.136,145.3,1,0.0295,1.7778,3840,2160,,,,,unknown,,0.4821,3,1.341,0.0036,restaurants
Taco Bell,1994,1994.png,2,0.8105,"#32379f,#fe0190",0.984,71.4,2,0.148,157.9,1,0.0301,1.7778,3840,2160,,,,,unknown,,0.1629,-2,0.126,0.0006,restaurants
Taco Bell,2016,2016.jpg,4,0.533,"#010101,#682a8f,#9e7fb9,#d4d0d6",0.508,55.7,1,0.0,56.0,1,0.0336,1.2887,4500,3492,,,,,unknown,,0.3427,2,-1.019,0.0035,restaurants
Taco Bell,2023,2023.png,3,0.432,"#000000,#682a90,#9f7fbb",0.518,57.5,1,0.0,57.5,1,0.0295,1.6,8000,5000,,,,,unknown,,0.0671,-1,0.015,-0.0041,restaurants
Wendy's,1969,1969.jpg,7,0.6317,"#1c1c1c,#e83840,#d4cccb,#8b8c8c,#545555,#cb565c,#e4a1a4",0.402,64.1,1,0.027,107.1,1,0.0399,1.7787,900,506,,,,,unknown,,,,,,restaurants
Wendy's,1983,1983.jpg,7,0.667,"#ea1b24,#060404,#faf60a,#484b4b,#ec9da1,#b1b2b3,#d44149",0.75,79.1,2,0.134,163.1,1,0.0595,1.7787,900,506,,,,,unknown,,0.1323,0,0.56,0.0196,restaurants
Wendy's,2007,2007.jpg,6,0.6386,"#cb042e,#0a0607,#dfd2d4,#656667,#cf4961,#e7a1a9",0.76,65.6,1,0.016,131.2,1,0.0535,1.7787,900,506,,,,,unknown,,0.1144,-1,-0.319,-0.006,restaurants
Wendy's,2013,2013.jpg,5,0.7072,"#dc1438,#f8d1d5,#9c0b2c,#2e1d16,#26ace7",0.895,67.7,2,0.044,141.8,1,0.0518,1.2009,4167,3470,,,,,unknown,,0.076,-1,0.106,-0.0017,restaurants
7-Eleven,1968,1968.png,4,0.8761,"#028160,#fefefe,#ff142b,#ff8301",0.619,52.6,2,0.532,136.4,1,0.0248,1.7778,3840,2160,,,,,unknown,,,,,,retail
7-Eleven,1989,1989.png,4,0.876,"#fefefe,#01815c,#ff1528,#ff8401",0.606,56.3,2,0.511,139.3,1,0.0268,1.7778,3840,2160,,,,,unknown,,0.0066,0,0.029,0.002,retail
7-Eleven,2013,2013.png,4,0.9205,"#00b030,#fe1e2a,#ff5e15,#fcfefd",0.952,83.0,2,0.218,182.4,1,0.0202,1.7778,3840,2160,,,,,unknown,,0.0888,0,0.431,-0.0066,retail
7-Eleven,2021,2021.jpg,4,0.7804,"#eb0f29,#ff6d01,#157352,#95bfb0",0.992,74.9,2,0.172,186.3,1,0.0211,1.7778,3840,2160,,,,,unknown,,0.0082,0,0.039,0.0009,retail
Best Buy,1966,1966.png,5,0.4915,"#f7f7f7,#080808,#7a7a7a,#3d3d3d,#bcbcbc",0.0,0.0,0,0.0,0.0,1,0.0528,1.6667,1000,600,,,,,unknown,,,,,,retail
Best Buy,1972,1972.png,1,0.0,#000000,0.0,0.0,0,0.0,0.0,0,0.0424,1.7778,3840,2160,,,,,unknown,,0.2042,-4,0.0,-0.0104,retail
Best Buy,1978,1978.png,3,0.2478,"#090909,#777777,#3d3d3d",0.0,0.0,0,0.0,0.0,1,0.0509,1.6667,1000,600,,,,,unknown,,0.1701,2,0.0,0.0085,retail
Best Buy,1980,1980.png,3,0.5222,"#010100,#fbef21,#938c13",0.504,83.9,1,0.0,133.2,1,0.0422,1.7778,3840,2160,,,,,unknown,,0.2824,0,1.332,-0.0087,retail
Best Buy,1984,1984.png,4,0.4902,"#010100,#fbee21,#4f4a0a,#aaa116",0.43,83.1,1,0.0,126.6,1,0.0394,1.7778,3840,2160,,,,,unknown,,0.0768,1,-0.066,-0.0028,retail
Best Buy,1986,1986.png,3,0.438,"#252525,#d5d5d5,#555555",0.0,0.0,0,0.0,0.0,1,0.0289,1.6667,1000,600,,,,,unknown,,0.3324,-1,-1.266,-0.0105,retail
Best Buy,1986,1986b.png,2,0.486,"#000000,#f80000",0.18,101.7,1,0.0,121.0,1,0.0279,1.7778,1600,900,,,,,unknown,,0.3382,-1,1.21,-0.001,retail
Best Buy,1988,1988.png,6,0.6153,"#f4e31c,#121010,#d92207,#d7b11a,#423d30,#b58818",0.612,78.2,2,0.042,136.8,1,0.0667,1.7778,1600,900,,,,,unknown,,0.2263,4,0.158,0.0388,retail
Best Buy,1989,1989.png,2,0.4909,"#faec00,#010100",0.58,89.2,1,0.0,160.0,1,0.0376,1.7778,3840,2160,,,,,unknown,,0.2372,-4,0.232,-0.0291,retail
Best Buy,2018,2018.jpg,4,0.601,"#1c252c,#ffed31,#cacccd,#646a6d",0.118,82.9,1,0.0,70.5,1,0.0292,1.7778,1600,900,,,,,unknown,,0.3074,2,-0.895,-0.0084,retail
CVS,1969,1969.png,1,0.9106,#e81f3c,1.0,81.6,1,0.0,65.3,1,0.0224,1.7778,800,450,,,,,unknown,,,,,,retail
CVS,1996,1996.png,1,0.9102,#e82b3f,1.0,79.1,1,0.0,66.2,1,0.022,1.7771,1100,619,,,,,unknown,,0.002,0,0.009,-0.0004,retail
CVS,2016,2016.jpg,4,0.8765,"#cc0203,#f3cfcf,#d84b4b,#e79494",0.978,81.7,1,0.002,111.3,1,0.0222,1.7778,9200,5175,,,,,unknown,,0.2778,3,0.451,0.0002,retail
Costco,1976,1976.png,1,0.0,#000000,0.0,0.0,0,0.0,0.0,0,0.0236,2.0,1000,500,,,,,unknown,,,,,,retail
Costco,1983,1983.png,1,0.8856,#e22525,1.0,84.3,1,0.0,66.3,1,0.0209,1.7778,3840,2160,,,,,unknown,,0.1462,0,0.663,-0.0027,retail
Costco,1993,1993.png,3,0.7909,"#e21e36,#50719f,#dc5561",1.0,71.5,2,0.09,147.0,1,0.0238,1.7778,3840,2160,,,,,unknown,,0.3417,2,0.807,0.0029,retail
Costco,1997,1997.jpg,4,0.8478,"#ff1135,#015cac,#5993c2,#f4b8c3",0.988,76.7,2,0.239,215.0,1,0.0334,1.7778,3840,2160,,,,,unknown,,0.2023,1,0.68,0.0096,retail
Home Depot,1978,1978.png,3,0.9886,"#fef5de,#fd7162,#faab9a",0.746,51.4,1,0.018,100.6,1,0.0399,1.5,1200,800,,,,,unknown,,,,,,retail
Home Depot,1989,1989.png,2,1.0,"#ff4b3c,#fffefe",0.626,80.1,1,0.0,138.1,1,0.0363,1.7778,3840,2160,,,,,unknown,,0.1598,-1,0.375,-0.0036,retail
Home Depot,1999,1999.jpg,3,0.9629,"#f96303,#f19e63,#f6ddc6",0.993,85.1,1,0.0,100.3,1,0.0344,1.7778,3840,2160,,,,,unknown,,0.1597,1,-0.378,-0.0019,retail
IKEA,1967,1967.png,2,0.5243,"#fefefe,#07080d",0.0,0.0,0,0.0,3.6,1,0.0243,1.7778,3840,2160,,,,,unknown,,,,,,retail
IKEA,1981,1981.png,2,0.9611,"#ffffff,#eb1209",0.502,93.9,1,0.0,158.9,1,0.0252,1.7778,3840,2160,,,,,unknown,,0.3235,0,1.553,0.0009,retail
IKEA,1982,1982.png,2,0.7507,"#ffcc00,#003380",0.997,67.9,2,0.665,191.7,1,0.0255,1.7778,3840,2160,,,,,unknown,,0.0782,0,0.328,0.0003,retail
IKEA,2019,2019.jpg,2,0.8184,"#0157a4,#fedc01",1.0,65.7,2,0.773,201.0,1,0.0291,2.0879,2923,1400,,,,,unknown,,0.02,0,0.093,0.0036,retail
Lego,1964,1964.png,5,0.7187,"#f4342a,#010101,#fefefe,#f7ee1d,#2b46aa",0.657,83.2,3,0.211,160.1,1,0.0465,1.7778,3840,2160,,,,,unknown,,,,,,retail
Lego,1972,1972.png,4,0.7316,"#ed1c24,#fefefe,#020101,#fdf300",0.717,89.0,2,0.051,162.7,1,0.0354,1.7778,3840,2160,,,,,unknown,,0.0721,-1,0.026,-0.0111,retail
Lego,1998,1998.jpg,3,0.5978,"#d11013,#030202,#f6ed36",0.791,84.1,2,0.045,145.7,1,0.0361,1.6,3840,2400,,,,,unknown,,0.0968,-1,-0.17,0.0007,retail
Target,1968,1968.jpg,1,0.9233,#eb2829,0.994,83.7,1,0.001,94.4,1,0.0174,1.722,799,464,,,,,unknown,,,,,,retail
Target,1968,1968.png,4,0.5642,"#fefefe,#080808,#ec2d2d,#4e4e4e",0.123,82.0,1,0.0,76.2,1,0.0346,1.7778,3840,2160,,,,,unknown,,0.2308,3,-0.182,0.0172,retail
Target,1972,1972.png,4,0.6246,"#fdfdfd,#ec2d2d,#040404,#909090",0.234,83.0,1,0.0,104.0,1,0.0373,1.7778,3840,2160,,,,,unknown,,0.0567,0,0.278,0.0027,retail
Target,1973,1973.png,2,0.5,"#000000,#ff2929",0.264,93.2,1,0.0,124.4,0,0.0244,1.7778,3840,2160,,,,,unknown,,0.171,-2,0.204,-0.0129,retail
Target,2004,2004.jpg,3,0.84,"#cb0101,#c1494a,#f6cdcb",0.993,83.3,1,0.001,105.3,1,0.024,1.585,886,559,,,,,unknown,,0.1217,1,-0.191,-0.0004,retail
Target,2018,2018.jpg,4,0.8803,"#d91a31,#d55263,#f1d0d3,#e2939d",0.988,77.1,1,0.001,91.7,1,0.0231,1.6,1600,1000,,,,,unknown,,0.0901,1,-0.136,-0.0009,retail
Walgreens,1960,1960.png,1,0.019,#050505,0.0,0.0,0,0.0,0.0,1,0.0237,1.7778,1280,720,,,,,unknown,,,,,,retail
Walgreens,1981,1981.png,4,0.4385,"#0b0b0b,#d9d9d9,#4a4a4a,#919191",0.0,0.0,0,0.0,0.0,1,0.0411,1.7778,1280,720,,,,,unknown,,0.1945,3,0.0,0.0174,retail
Walgreens,1990,1990.png,1,0.0,#000000,0.0,0.0,0,0.0,0.0,0,0.0269,1.7778,1280,720,,,,,unknown,,0.1932,-3,0.0,-0.0142,retail
Walgreens,1992,1992.png,2,0.7544,"#d14045,#3c69b0",0.992,60.0,2,0.169,132.0,1,0.0215,1.7778,3840,2160,,,,,unknown,,0.4162,1,1.32,-0.0054,retail
Walgreens,2005,2005.png,1,0.9061,#e7143c,1.0,82.2,1,0.0,70.9,1,0.024,1.7778,3840,2160,,,,,unknown,,0.2607,-1,-0.611,0.0025,retail
Walgreens,2020,2020.jpg,4,0.9244,"#e72502,#f4b9ad,#e85e43,#ec826d",0.984,86.5,1,0.0,114.6,1,0.0241,1.7778,3840,2160,,,,,unknown,,0.2749,3,0.437,0.0001,retail
Walmart,1970,1970.png,4,0.4024,"#020202,#cccbcd,#88888a,#414142",0.0,0.0,0,0.0,0.9,1,0.0366,1.7778,3840,2160,,,,,unknown,,,,,,retail
Walmart,1975,1975.png,1,0.0,#000000,0.0,0.0,0,0.0,0.0,0,0.0259,1.7778,3840,2160,,,,,unknown,,0.1936,-3,-0.009,-0.0107,retail
Walmart,1977,1977.png,1,0.4382,#184470,1.0,29.4,1,0.0,25.3,1,0.0256,1.7778,3840,2160,,,,,unknown,,0.0632,0,0.253,-0.0003,retail
Walmart,1981,1981.png,4,0.7315,"#2d378d,#a0a4cb,#d5d7e8,#6168a9",0.964,52.6,1,0.0,44.4,1,0.0234,1.8809,600,319,,,,,unknown,,0.2266,3,0.191,-0.0022,retail
Walmart,1992,1992.png,1,0.6073,#2b369b,1.0,64.0,1,0.0,34.0,1,0.0205,1.7778,3840,2160,,,,,unknown,,0.2095,-3,-0.104,-0.0029,retail
Walmart,2008,2008.png,2,0.8979,"#007fcb,#fec500",1.0,55.1,2,0.622,198.1,1,0.0209,1.7778,3840,2160,,,,,unknown,,0.4659,1,1.641,0.0004,retail
Walmart,2025,2025.jpg,4,0.9543,"#0256ea,#ffc221,#6b9cee,#bfd5f6",0.991,79.8,2,0.652,204.4,1,0.0212,1.7778,3840,2160,,,,,unknown,,0.1377,2,0.063,0.0003,retail
Adobe,1990,1990.jpg,4,0.4101,"#060606,#c9c9c9,#8d8d8d,#464646",0.0,0.0,0,0.0,0.0,1,0.0222,2.0,400,200,,,,,unknown,,,,,,tech
Adobe,1993,1993.jpg,4,0.6323,"#ef1c25,#020202,#d9424c,#bcbaba",0.711,87.2,1,0.001,152.8,1,0.0241,1.4545,1600,1100,,,,,unknown,,0.3189,0,1.528,0.0019,tech
Adobe,2017,2017.jpg,6,0.6883,"#2f2f2f,#eb2226,#d3cdcc,#6f6f6f,#f8aeaa,#c8393c",0.475,80.6,1,0.002,136.1,1,0.0233,3.969,512,129,,,,,unknown,,0.1171,2,-0.167,-0.0008,tech
Adobe,2020,2020.jpg,3,0.9728,"#fa0f02,#f4a7a1,#fad8d4",0.992,96.6,1,0.001,127.4,1,0.0222,1.6,2000,1250,,,,,unknown,,0.1428,-3,-0.087,-0.0011,tech
Google,1997,1997.jpg,9,0.8525,"#ec0b0c,#fcfb0f,#bd1414,#11f50d,#0805ef,#810a0a,#f2d2cf,#eb8683,#be5150",0.972,75.0,4,0.299,184.1,1,0.0241,1.7822,401,225,,,,,unknown,,,,,,tech
Google,1998,1998.jpg,16,0.6946,"#c01f21,#6dbd2b,#f5d437,#0761c6,#4d8420,#8d1b19,#e6eed1,#b79b2d,#93be6c,#4d742d,#0b4584,#681d18,#e0cbc9,#9daf82,#9ab6cc,#aa625e",0.941,55.7,5,0.541,132.2,1,0.0221,1.7822,401,225,,,,,unknown,,0.2265,7,-0.519,-0.002,tech
Google,1999,1999.jpg,11,0.6977,"#c4c3c4,#1c49ad,#bc240f,#122b64,#035c07,#b69206,#821508,#55c55b,#5683e2,#edc20c,#ed6755",0.63,57.2,4,0.722,109.2,1,0.0246,1.7778,800,450,,,,,unknown,,0.1376,-5,-0.23,0.0025,tech
Google,2010,2010.jpg,8,0.8442,"#1747e8,#da2334,#09a019,#f4a30f,#3469eb,#d2d2d2,#4c79e1,#687fc6",0.929,74.0,4,0.589,171.8,1,0.0277,1.7778,800,450,,,,,unknown,,0.1946,-3,0.626,0.0031,tech
Google,2013,2013.jpg,8,0.8831,"#196be9,#d74734,#fcba0d,#069958,#c3e0f9,#fef1d6,#4982d7,#84b0e8",0.984,64.7,5,0.709,174.3,1,0.0256,1.7778,800,450,,,,,unknown,,0.0183,0,0.025,-0.0021,tech
Google,2015,2015.png,4,0.9109,"#0087f9,#ff4131,#ffbe00,#00ab4c",1.0,75.1,4,0.702,226.4,1,0.0238,1.7778,3840,2160,,,,,unknown,,0.2424,-4,0.521,-0.0018,tech
Google,2026,2026.jpg,5,0.9286,"#3186ff,#fd413e,#ffbe02,#02af56,#78aff7",0.986,72.1,4,0.659,195.8,1,0.0223,1.7786,3840,2159,,,,,unknown,,0.1118,1,-0.306,-0.0015,tech
Amazon,1995,1995.png,1,0.0036,#010101,0.0,0.0,0,0.0,0.0,1,0.0223,1.7778,3840,2160,,,,,unknown,,,,,,tech
Amazon,1997,1997.jpg,4,0.4047,"#040404,#c5c5c5,#888888,#4c4c4c",0.0,0.0,0,0.0,0.0,1,0.0392,1.7787,900,506,,,,,unknown,,0.1943,3,0.0,0.0169,tech
Amazon,1997,1997.png,5,0.4033,"#070a0b,#bfd1d1,#899391,#475b5a,#263838",0.099,14.8,0,0.014,21.7,1,0.0517,1.7778,3840,2160,,,,,unknown,,0.0984,1,0.217,0.0125,tech
Amazon,1998,1998.jpg,5,0.648,"#221e1f,#fb9906,#666465,#bab9b9,#fdf2cc",0.266,71.2,1,0.005,104.5,1,0.0288,1.7787,900,506,,,,,unknown,,0.1873,0,0.828,-0.0229,tech
Amazon,2000,2000.png,2,0.4995,"#000000,#ff9b00",0.153,82.7,1,0.0,92.6,1,0.0271,1.7778,3840,2160,,,,,unknown,,0.1745,-3,-0.119,-0.0017,tech
Amazon,2024,2024.jpg,4,0.5883,"#181c27,#ff6204,#c6c5c6,#63656c",0.205,86.4,1,0.0,107.4,1,0.0278,1.7778,3840,2160,,,,,unknown,,0.1549,2,0.148,0.0007,tech
Apple,1977,1977.png,6,0.882,"#03bd38,#ad3b9b,#ff373c,#ffb900,#ff8302,#029edf",1.0,76.1,5,0.495,211.2,1,0.0144,1.7778,3840,2160,,,,,unknown,,,,,,tech
Apple,1998,1998.jpg,1,0.0007,#000000,0.0,0.0,0,0.0,0.0,1,0.0133,1.7778,3840,2160,,,,,unknown,,0.6937,-5,-2.112,-0.0011,tech
Dell,1987,1987.jpg,5,0.5219,"#176cab,#050505,#81aeca,#bfbfbf,#60605f",0.565,37.8,1,0.005,87.2,1,0.0339,1.773,500,282,,,,,unknown,,,,,,tech
Dell,1989,1989.jpg,1,0.7274,#0175b9,0.997,43.0,1,0.002,69.7,1,0.0203,1.7717,900,508,,,,,unknown,,0.2404,-4,-0.175,-0.0136,tech
Dell,2010,2010.jpg,3,0.8101,"#037cb7,#b3deed,#65abc8",0.989,37.8,2,0.007,80.2,1,0.0235,1.7717,900,508,,,,,unknown,,0.2014,2,0.105,0.0032,tech
Dell,2016,2016.jpg,2,0.7829,"#037db7,#8ac0d8",0.983,38.2,1,0.004,78.1,1,0.0235,1.7778,3840,2160,,,,,unknown,,0.1,-1,-0.021,0.0,tech
HP,1979,1979.jpg,5,0.5664,"#045c9f,#201a19,#cad4d8,#666362,#8fbbd5",0.461,39.5,2,0.01,87.8,1,0.0312,1.5,600,400,,,,,unknown,,,,,,tech
HP,1999,1999.jpg,2,0.6506,"#025698,#6493b3",0.993,42.1,1,0.002,56.0,1,0.0267,1.7778,800,450,,,,,unknown,,0.2279,-3,-0.318,-0.0045,tech
HP,2008,2008.jpg,2,0.7549,"#035193,#c1dfee",0.99,40.7,2,0.003,58.1,1,0.0236,1.5,600,400,,,,,unknown,,0.0179,0,0.021,-0.0031,tech
HP,2009,2009.jpg,1,0.5781,#025293,0.991,41.4,1,0.002,56.0,1,0.0208,1.7778,800,450,,,,,unknown,,0.1428,-1,-0.021,-0.0028,tech
HP,2012,2012.png,1,0.8255,#0088d3,1.0,46.7,1,0.0,61.5,1,0.0204,1.7778,3840,2160,,,,,unknown,,0.0112,0,0.055,-0.0004,tech
HP,2016,2016.jpg,3,0.4641,"#231f20,#787576,#c9c8c8",0.0,0.0,0,0.0,1.9,1,0.0142,1.7778,3840,2160,,,,,unknown,,0.3008,2,-0.596,-0.0062,tech
Intel,1968,1968.png,1,0.7814,#287ac7,1.0,47.1,1,0.0,44.3,1,0.0253,1.7575,1000,569,,,,,unknown,,,,,,tech
Intel,2005,2005.png,1,0.7743,#0071c5,1.0,51.5,1,0.0,56.0,1,0.0343,1.5152,1000,660,,,,,unknown,,0.027,0,0.117,0.009,tech
Intel,2020,2020.jpg,4,0.4189,"#010101,#0368b4,#a8a8a8,#4f4f4f",0.031,45.5,1,0.004,29.0,1,0.0259,2.0,1600,800,,,,,unknown,,0.2449,3,-0.27,-0.0084,tech
Meta,2003,2003.jpg,4,0.723,"#910102,#eacecd,#c58f8e,#a14344",0.975,64.3,1,0.001,76.8,1,0.0297,1.6245,1129,695,,,,,unknown,,,,,,tech
Meta,2004,2004.jpg,2,0.7338,"#39599a,#538adc",1.0,40.8,1,0.001,39.1,1,0.0183,1.6141,1125,697,,,,,unknown,,0.205,-2,-0.377,-0.0114,tech
Meta,2005,2005.jpg,2,0.635,"#395899,#7588ab",0.991,39.6,1,0.0,34.6,1,0.0248,1.6094,1125,699,,,,,unknown,,0.0116,0,-0.045,0.0065,tech
Meta,2015,2015.jpg,2,0.7292,"#4767ac,#94a6c8",0.994,40.8,1,0.0,36.6,1,0.025,1.6182,1123,694,,,,,unknown,,0.0041,0,0.02,0.0002,tech
Meta,2019,2019.png,1,0.9678,#0079f7,1.0,73.4,1,0.0,69.3,1,0.0229,1.7778,3840,2160,,,,,unknown,,0.1912,-1,0.327,-0.0021,tech
Meta,2023,2023.jpg,4,0.9708,"#0866fd,#c6e1fc,#397fee,#94bdf7",0.986,81.9,2,0.003,107.9,1,0.0235,1.7778,1200,675,,,,,unknown,,0.2774,3,0.386,0.0006,tech
Microsoft,1987,1987.jpg,3,0.3707,"#010101,#c4c4c4,#575757",0.0,0.0,0,0.0,0.0,1,0.0242,1.7778,3840,2160,,,,,unknown,,,,,,tech
Microsoft,2011,2011.jpg,3,0.3395,"#010101,#a8a8a8,#5b5b5b",0.0,0.0,0,0.0,0.0,1,0.0243,1.7778,3840,2160,,,,,unknown,,0.0,0,0.0,0.0001,tech
Microsoft,2012,2012.jpg,6,0.813,"#797979,#02a4ef,#80bb01,#ffb902,#f25022,#c9c9c9",0.505,71.8,4,0.445,150.7,1,0.0228,2.2763,6829,3000,,,,,unknown,,0.477,3,1.507,-0.0015,tech
Sony,1973,1973.jpg,4,0.3798,"#010101,#7c7c7c,#c8c8c8,#3e3e3e",0.0,0.0,0,0.0,0.0,1,0.022,1.7663,3840,2174,,,,,unknown,,,,,,tech
Adidas,1967,1967.jpg,3,0.2984,"#010101,#a3a3a3,#404040",0.0,0.0,0,0.0,0.0,1,0.0244,1.7778,1024,576,,,,,unknown,,,,,,fashion
Adidas,1971,1971.jpg,4,0.4107,"#010101,#474747,#cdcdcd,#8d8d8d",0.0,0.0,0,0.0,0.0,1,0.0312,1.7778,1280,720,,,,,unknown,,0.0652,1,0.0,0.0068,fashion
Adidas,1991,1991.jpg,2,0.3152,"#010101,#a0a0a0",0.0,0.0,0,0.0,0.0,1,0.0285,1.7778,1280,720,,,,,unknown,,0.1261,-2,0.0,-0.0027,fashion
Adidas,2002,2002.jpg,3,0.3647,"#010101,#535353,#c3c3c3",0.0,0.0,0,0.0,0.0,1,0.0294,1.7778,1280,720,,,,,unknown,,0.0837,1,0.0,0.0009,fashion
Adidas,2005,2005.jpg,4,0.4054,"#030303,#414141,#cccccc,#8e8e8e",0.0,0.0,0,0.0,0.0,1,0.0216,1.7778,1280,720,,,,,unknown,,0.0656,1,0.0,-0.0078,fashion
Adidas,2022,2022.jpg,1,0.0014,#000000,0.0,0.0,0,0.0,0.0,1,0.0192,1.7778,1200,675,,,,,unknown,,0.1885,-3,0.0,-0.0024,fashion
Asics,1977,1977.png,1,0.6169,#2c629d,1.0,37.4,1,0.0,31.6,1,0.0268,1.7771,2200,1238,,,,,unknown,,,,,,fashion
Asics,1991,1991.png,1,0.9979,#2a81fe,1.0,71.5,1,0.0,65.5,1,0.0285,1.7778,1536,864,,,,,unknown,,0.0685,0,0.339,0.0017,fashion
Asics,2003,2003.jpg,3,0.5227,"#25296a,#9597af,#4c4f76",0.969,42.7,1,0.0,31.4,1,0.0246,2.2358,1024,458,,,,,unknown,,0.2364,2,-0.341,-0.0039,fashion
Levi's,1966,1966.jpg,2,0.7723,"#c21c24,#c76f75",0.997,72.3,1,0.001,76.3,1,0.0256,1.7778,800,450,,,,,unknown,,,,,,fashion
Levi's,1999,1999.jpg,1,0.7643,#c31e2e,0.996,70.4,1,0.0,70.8,1,0.0258,2.0,5000,2500,,,,,unknown,,0.1361,-1,-0.055,0.0002,fashion
Macy's,1970,1970.jpg,4,0.7392,"#ae1c2e,#902e3d,#f6d2d6,#be7881",0.974,57.6,1,0.003,78.8,1,0.0242,1.7794,500,281,,,,,unknown,,,,,,fashion
Macy's,1978,1978.jpg,4,0.4166,"#1d1917,#bbbab8,#54524f,#7d7a78",0.0,0.0,0,0.0,4.0,1,0.025,1.7794,500,281,,,,,unknown,,0.1624,0,-0.748,0.0008,fashion
Macy's,1982,1982.jpg,3,0.3744,"#030303,#5e5e5e,#bebebe",0.0,0.0,0,0.0,0.0,1,0.022,1.7778,1280,720,,,,,unknown,,0.0717,-1,-0.04,-0.003,fashion
Macy's,2004,2004.jpg,6,0.5658,"#df1a2b,#070707,#929292,#484848,#dcd5d5,#c54652",0.451,77.6,1,0.002,129.1,1,0.0259,2.5,1000,400,,,,,unknown,,0.3973,3,1.291,0.0039,fashion
Macy's,2019,2019.jpg,5,0.5192,"#050505,#e60101,#4d4d4d,#cecbcb,#919191",0.272,92.6,1,0.001,131.0,1,0.0246,2.5,5000,2000,,,,,unknown,,0.046,-1,0.019,-0.0013,fashion
New Balance,1972,1972.png,1,0.118,#1e191a,0.0,0.0,0,0.0,2.0,0,0.0443,2.1645,1000,462,,,,,unknown,,,,,,fashion
New Balance,2006,2006.png,1,1.0,#ff0000,1.0,104.6,1,0.0,85.5,0,0.0375,1.7778,3840,2160,,,,,unknown,,0.1822,0,0.835,-0.0068,fashion
New Balance,2008,2008.jpg,1,0.8894,#e31836,0.994,80.4,1,0.001,89.6,1,0.0253,2.0408,5000,2450,,,,,unknown,,0.0131,0,0.041,-0.0122,fashion
Nike,1964,1964.png,3,0.232,"#040404,#414141,#6c6c6c",0.0,0.0,0,0.0,0.0,1,0.0455,1.7778,3840,2160,,,,,unknown,,,,,,fashion
Nike,1971,1971b.png,1,0.0119,#030303,0.0,0.0,0,0.0,0.0,1,0.03,1.7778,3840,2160,,,,,unknown,,0.1729,-2,0.0,-0.0155,fashion
Nike,1971,1971.png,1,0.0052,#010101,0.0,0.0,0,0.0,0.0,0,0.0149,1.7778,3840,2160,,,,,unknown,,0.006,0,0.0,-0.0151,fashion
Nike,1976,1976.jpg,2,0.2137,"#000000,#6d6d6d",0.0,0.0,0,0.0,0.0,1,0.0278,1.7778,3840,2160,,,,,unknown,,0.1302,1,0.0,0.0129,fashion
Nordstrom,1967,1967.png,4,0.5656,"#e2d7d0,#ac9d9d,#3c2b34,#76656a",0.003,12.2,0,0.0,11.5,1,0.0163,1.5,900,600,,,,,unknown,,,,,,fashion
Nordstrom,1973,1973.png,1,0.0,#000000,0.0,0.0,0,0.0,0.0,0,0.0279,1.6667,1000,600,,,,,unknown,,0.2151,-3,-0.115,0.0116,fashion
Nordstrom,1991,1991.png,1,0.0,#000000,0.0,0.0,0,0.0,0.0,0,0.0252,2.0,1000,500,,,,,unknown,,0.0011,0,0.0,-0.0027,fashion
Nordstrom,2019,2019.jpg,4,0.3838,"#020202,#7c7c7c,#c9c9c9,#404040",0.0,0.0,0,0.0,0.0,1,0.0223,1.9104,2344,1227,,,,,unknown,,0.1887,3,0.0,-0.0029,fashion
Puma,1970,1970.jpg,4,0.3898,"#090909,#c9c9c9,#7e7e7e,#3d3d3d",0.0,0.0,0,0.0,0.0,1,0.0201,1.7753,1280,721,,,,,unknown,,,,,,fashion
Puma,1974,1974.jpg,4,0.4527,"#06070c,#d6d5d7,#4e4e50,#99999a",0.0,0.0,0,0.0,6.2,1,0.042,1.775,497,280,,,,,unknown,,0.0212,0,0.062,0.0219,fashion
Puma,1976,1976.png,1,0.0,#000000,0.0,0.0,0,0.0,0.0,0,0.0241,1.7794,500,281,,,,,unknown,,0.2071,-3,-0.062,-0.0179,fashion
Puma,1978,1978.png,1,0.0074,#020202,0.0,0.0,0,0.0,0.0,1,0.012,1.7794,1000,562,,,,,unknown,,0.0048,0,0.0,-0.0121,fashion
Puma,1980,1980.jpg,4,0.4117,"#020202,#c9c9c9,#939393,#464646",0.0,0.0,0,0.0,0.0,1,0.0129,1.5,600,400,,,,,unknown,,0.1879,3,0.0,0.0009,fashion
Puma,1982,1982.jpg,3,0.407,"#020202,#c7c7c7,#6f6f6f",0.0,0.0,0,0.0,0.0,1,0.0261,1.7747,1024,577,,,,,unknown,,0.0678,-1,0.0,0.0132,fashion
Puma,1988,1988.jpg,2,0.149,"#010101,#4b4b4b",0.0,0.0,0,0.0,0.0,1,0.0261,1.7778,1024,576,,,,,unknown,,0.0833,-1,0.0,0.0,fashion
Puma,2003,2003.png,2,0.9422,"#fefefe,#e3898d",0.086,45.5,1,0.004,39.5,1,0.0272,1.7778,1536,864,,,,,unknown,,0.0919,0,0.395,0.0011,fashion
Ray-Ban,1946,1946.jpg,1,0.9253,#ec1d23,0.998,88.6,1,0.0,86.3,1,0.0292,1.7778,3840,2160,,,,,unknown,,,,,,fashion
The North Face,1966,1966.jpg,3,0.4883,"#231f20,#c5c4c4,#8e8c8d",0.0,0.0,0,0.0,2.2,1,0.037,1.7778,1024,576,,,,,unknown,,,,,,fashion
FedEx,1973,1973.webp,3,0.7732,"#fefefe,#29118c,#c50922",0.554,74.7,2,0.179,102.4,1,0.0404,1.7768,828,466,,,,,unknown,,,,,,shipping
FedEx,1991,1991.webp,2,0.6509,"#3b154e,#fe1401",1.0,64.5,2,0.236,163.7,1,0.021,1.7768,828,466,,,,,unknown,,0.2137,-1,0.613,-0.0194,shipping
FedEx,1994,1994.webp,3,0.7949,"#402b8e,#f17a21,#c9c1e0",0.989,65.8,2,0.435,138.8,1,0.0241,1.7768,828,466,,,,,unknown,,0.1344,1,-0.249,0.0031,shipping
UPS,1961,1961.png,2,0.4695,"#953000,#5b2a0b",1.0,50.9,1,0.001,67.0,1,0.0356,1.7778,3840,2160,,,,,unknown,,,,,,shipping
UPS,2003,2003.png,8,0.8155,"#5f2904,#f49c16,#fed57e,#fdd9bb,#f8ab60,#fcc550,#8e5826,#af6106",1.0,48.7,2,0.021,84.5,1,0.0304,1.7778,3840,2160,,,,,unknown,,0.2371,6,0.175,-0.0052,shipping
UPS,2014,2014.jpg,2,0.6001,"#351c15,#fdb502",0.996,46.7,2,0.031,135.2,1,0.0248,1.7778,3840,2160,,,,,unknown,,0.2911,-6,0.507,-0.0056,shipping
Ben & Jerry's,1978,1978.png,5,0.4252,"#050505,#e8e8e8,#969897,#5f5f5f,#393a3a",0.0,0.0,0,0.0,0.7,1,0.066,1.7778,3840,2160,,,,,unknown,,,,,,food
Ben & Jerry's,1979,1979.png,2,0.2782,"#1c1322,#6c2424",0.57,17.5,1,0.196,28.9,1,0.0235,1.7778,3840,2160,,,,,unknown,,0.2359,-3,0.282,-0.0425,food
Ben & Jerry's,1990,1990.png,5,0.4752,"#fcfcfc,#020202,#acacac,#414141,#727272",0.0,0.0,0,0.0,0.1,1,0.051,1.7778,3840,2160,,,,,unknown,,0.2311,3,-0.288,0.0275,food
Ben & Jerry's,1998,1998.jpg,5,0.5535,"#221e20,#fab603,#c9c8c8,#6f6c6c,#6e5217",0.156,68.5,1,0.0,78.8,1,0.0402,1.7778,3840,2160,,,,,unknown,,0.1742,0,0.787,-0.0108,food
Budweiser,1968,1968.jpg,2,0.9359,"#fa0f0c,#e44846",0.997,97.9,1,0.0,110.5,1,0.0272,1.7778,1280,720,,,,,unknown,,,,,,food
Budweiser,1987,1987.png,5,0.7842,"#fcfcfd,#fe010c,#112879,#a7b0ce,#6171a7",0.507,67.3,2,0.283,146.2,1,0.0966,1.7778,3840,2160,,,,,unknown,,0.2617,3,0.357,0.0694,food
Budweiser,1987,1987b.jpg,3,0.7145,"#f00b10,#101f41,#f1ddc8",0.961,85.0,3,0.043,163.4,1,0.0311,1.7778,1280,720,,,,,unknown,,0.1731,-2,0.172,-0.0655,food
Budweiser,1994,1994.jpg,2,0.95,"#fd0101,#e7393a",0.995,100.4,1,0.001,124.7,1,0.0394,1.7778,1280,720,,,,,unknown,,0.1891,-1,-0.387,0.0083,food
Budweiser,1996,1996.png,11,0.5837,"#070a0b,#f4f3f1,#dd2715,#8e1a10,#415a9d,#152242,#f4855b,#551b11,#b6543e,#d59886,#47462f",0.602,54.8,3,0.161,112.5,1,0.0383,1.7778,3840,2160,,,,,unknown,,0.2544,9,-0.122,-0.0011,food
Budweiser,1999,1999.png,1,0.8499,#d91819,1.0,85.6,1,0.0,69.5,1,0.0295,1.7778,3840,2160,,,,,unknown,,0.3418,-10,-0.43,-0.0088,food
Budweiser,1999,1999b.png,5,0.8635,"#f20a09,#f8f7f6,#c60d03,#c5bfbc,#d8632d",0.808,86.9,1,0.01,160.5,1,0.0479,1.7778,3840,2160,,,,,unknown,,0.3894,4,0.91,0.0184,food
Budweiser,2011,2011.jpg,10,0.7375,"#cb212b,#f0302a,#7f7c7b,#d3d0cb,#6a2526,#952a29,#f2e3b5,#cba268,#d48f34,#bd5b2c",0.821,62.1,2,0.038,116.8,1,0.0481,1.7778,1280,720,,,,,unknown,,0.225,5,-0.437,0.0002,food
Budweiser,2016,2016.png,3,1.0,"#ff010a,#fffdfd,#ff8186",0.721,98.8,1,0.001,183.4,1,0.0273,1.7778,3840,2160,,,,,unknown,,0.329,-7,0.666,-0.0208,food
Budweiser,2023,2023.png,1,0.8304,#d42031,1.0,76.6,1,0.0,61.8,1,0.0331,1.7778,1200,675,,,,,unknown,,0.4122,-2,-1.216,0.0058,food
Coca-Cola,1941,1941.jpg,5,0.898,"#e41d2b,#fbd3d5,#d1444f,#ec9ba0,#dd6e76",0.983,76.8,1,0.002,109.1,1,0.0373,1.7787,900,506,,,,,unknown,,,,,,food
Dove,1969,1969.jpg,5,0.7196,"#024395,#c19904,#c2d9e8,#84a4c2,#376295",0.981,53.3,2,0.422,134.6,1,0.0294,1.7778,1024,576,,,,,unknown,,,,,,food
Dove,2004,2004.jpg,6,0.7244,"#033471,#e4bc90,#f2e2d0,#bcd0df,#7590ab,#3d5d83",0.942,36.8,2,0.327,88.6,1,0.0298,1.374,1003,730,,,,,unknown,,0.1338,1,-0.46,0.0004,food
Fanta,1970,1970.jpg,5,0.6155,"#1f1a17,#e79443,#cecbc7,#ce9760,#6f6d6b",0.075,51.6,1,0.001,37.9,1,0.027,1.7778,1280,720,,,,,unknown,,,,,,food
Fanta,1980,1980.jpg,4,0.6719,"#0d3082,#e23419,#307d2b,#a7b5cd",0.983,56.8,3,0.414,121.7,1,0.0327,1.7778,1280,720,,,,,unknown,,0.2449,-1,0.838,0.0057,food
Fanta,1995,1995.jpg,4,0.7486,"#024a99,#f2952e,#3aa641,#8cadcc",0.991,54.2,3,0.627,145.3,1,0.0296,1.7778,1280,720,,,,,unknown,,0.0484,0,0.236,-0.0031,food
Fanta,1997,1997.jpg,6,0.8385,"#033689,#f8bc0a,#31a32d,#faf2cb,#f5e08d,#f0cf5b",0.98,61.2,3,0.688,165.9,1,0.0335,1.7778,1280,720,,,,,unknown,,0.1261,2,0.206,0.0039,food
Fanta,2000,2000.jpg,7,0.8753,"#f3712a,#1f4fa2,#fbdc24,#42b850,#f7e1c7,#f19d25,#eba77b",0.986,63.7,4,0.425,161.6,1,0.0458,1.7778,1280,720,,,,,unknown,,0.0617,1,-0.043,0.0123,food
Fanta,2004,2004.jpg,4,0.7244,"#034b97,#5bac29,#bad2e3,#7198bc",0.982,47.6,3,0.111,79.4,1,0.0218,1.7778,1280,720,,,,,unknown,,0.2936,-3,-0.822,-0.024,food
Fanta,2008,2008.png,4,0.7255,"#ff6801,#fefdfd,#012965,#03820c",0.733,73.6,3,0.268,168.2,1,0.025,1.7778,3840,2160,,,,,unknown,,0.1789,0,0.888,0.0032,food
Fanta,2010,2010.jpg,4,0.7374,"#144682,#fe8202,#2d974d,#b7c9d9",0.982,57.1,3,0.639,165.4,1,0.0221,1.7778,1280,720,,,,,unknown,,0.0068,0,-0.028,-0.0029,food
Fanta,2016,2016.png,5,0.8451,"#272c96,#fefefe,#fe9502,#24bf34,#c6c4e3",0.664,67.9,3,0.483,111.3,1,0.0293,1.7778,3840,2160,,,,,unknown,,0.1611,1,-0.541,0.0072,food
Fanta,2017,2017.png,5,0.8358,"#fdfdfe,#272c96,#ff9b11,#46b33d,#c9c7e4",0.645,69.9,3,0.693,125.9,1,0.0303,1.7778,3840,2160,,,,,unknown,,0.0296,0,0.146,0.001,food
Fanta,2023,2023.jpg,3,0.8469,"#193bbf,#ccd8ef,#97a7d9",0.99,79.1,1,0.001,68.3,1,0.0255,1.7778,1536,864,,,,,unknown,,0.2421,-2,-0.576,-0.0048,food
KitKat,1947,1947.jpg,6,0.6657,"#bf2d1b,#e9d5c5,#4e1a14,#801a13,#d39b8b,#b15d50",0.894,62.4,1,0.002,99.9,1,0.0718,1.7778,3840,2160,,,,,unknown,,,,,,food
KitKat,1988,1988.png,2,0.955,"#e90b06,#feefe0",0.752,88.2,1,0.001,157.7,1,0.0499,1.7778,3840,2160,,,,,unknown,,0.291,-4,0.578,-0.0219,food
KitKat,1995,1995.png,2,0.9667,"#ee1c25,#fffefe",0.7,87.3,1,0.001,152.7,1,0.0483,1.7778,3840,2160,,,,,unknown,,0.0106,0,-0.05,-0.0016,food
KitKat,2004,2004.png,5,0.905,"#eb2128,#fefcfc,#c0292c,#f3b4a9,#e57a78",0.82,83.2,1,0.001,139.3,1,0.0399,1.7778,3840,2160,,,,,unknown,,0.1802,3,-0.134,-0.0084,food
KitKat,2017,2017.jpg,6,0.738,"#d52428,#b44619,#d9d4d4,#712208,#ba6638,#dc8980",0.932,68.5,1,0.011,111.6,1,0.0564,1.7778,3840,2160,,,,,unknown,,0.1037,1,-0.277,0.0165,food
KitKat,2022,2022.jpg,4,0.8091,"#b90118,#e9bcc1,#d37581,#c34252",0.987,73.0,1,0.002,92.2,1,0.0434,1.7778,2000,1125,,,,,unknown,,0.1273,-2,-0.194,-0.013,food
Maybelline,1956,1956.png,1,0.0,#000000,0.0,0.0,0,0.0,0.0,0,0.03,1.7778,3840,2160,,,,,unknown,,,,,,food
Maybelline,1979,1979.png,1,0.0,#000000,0.0,0.0,0,0.0,0.0,0,0.0258,1.7778,3840,2160,,,,,unknown,,0.0017,0,0.0,-0.0042,food
Maybelline,1992,1992.png,1,0.0,#000000,0.0,0.0,0,0.0,0.0,0,0.0186,1.7778,3840,2160,,,,,unknown,,0.0029,0,0.0,-0.0072,food
Maybelline,1996,1996.jpg,4,0.371,"#050505,#777777,#c5c5c5,#3a3a3a",0.0,0.0,0,0.0,0.0,1,0.0223,2.4477,1006,411,,,,,unknown,,0.189,3,0.0,0.0037,food
Maybelline,2002,2002.jpg,3,0.3577,"#060606,#b7b7b7,#545454",0.0,0.0,0,0.0,0.0,1,0.0194,2.1088,1008,478,,,,,unknown,,0.0637,-1,0.0,-0.0029,food
Maybelline,2019,2019.jpeg,4,0.445,"#231f20,#c6c5c6,#878585,#565354",0.0,0.0,0,0.0,2.2,1,0.0256,1.6,3840,2400,,,,,unknown,,0.0694,1,0.022,0.0062,food
Oreo,1960,1960.png,4,0.9337,"#0295fc,#f4fdfc,#288dca,#9fe4f6",0.843,57.2,2,0.01,140.4,1,0.0301,1.7778,800,450,,,,,unknown,,,,,,food
Oreo,1972,1972.png,4,0.8007,"#114ba4,#eaeaef,#adc5e8,#557bb5",0.603,51.4,1,0.004,84.3,1,0.0237,1.7738,800,451,,,,,unknown,,0.1273,0,-0.561,-0.0064,food
Oreo,1991,1991.png,4,0.6721,"#eff6f7,#0e3257,#9cc1d5,#4d708a",0.646,23.9,2,0.031,42.3,1,0.0407,1.7817,800,449,,,,,unknown,,0.1033,0,-0.42,0.017,food
Oreo,1995,1995.png,4,0.821,"#fefeff,#1e479b,#94ceeb,#678bc1",0.529,44.3,2,0.044,69.5,1,0.0299,1.7778,1200,675,,,,,unknown,,0.0587,0,0.272,-0.0108,food
Oreo,2001,2001.jpg,7,0.7782,"#0d53a3,#10a7e4,#0e80c2,#a9a8d4,#202579,#d5dcee,#8acce8",0.961,43.6,2,0.056,109.8,1,0.0274,1.6,1920,1200,,,,,unknown,,0.1887,3,0.403,-0.0025,food
Pepsi,1969,1969.png,2,0.7135,"#00017c,#ef0101",1.0,85.0,2,0.292,185.6,1,0.0235,1.7778,3840,2160,,,,,unknown,,,,,,food
Pepsi,1971,1971.png,4,0.5692,"#ff1924,#22255f,#2f74c5,#221b1d",0.94,65.6,2,0.382,179.7,1,0.0466,1.7778,3840,2160,,,,,unknown,,0.146,2,-0.059,0.0231,food
Pepsi,1987,1987.png,4,0.8513,"#fefeff,#ff0101,#010168,#017eff",0.592,83.2,2,0.377,176.1,1,0.0294,1.7778,3840,2160,,,,,unknown,,0.0141,0,-0.036,-0.0172,food
Pepsi,1991,1991.png,2,0.8156,"#ff151f,#0152a1",1.0,78.6,2,0.313,222.4,1,0.0317,1.7778,3840,2160,,,,,unknown,,0.2185,-2,0.463,0.0023,food
Pepsi,1996,1996.png,4,0.8811,"#feffff,#fc1d27,#1048ab,#4381de",0.553,66.9,2,0.389,135.9,1,0.0298,1.7778,3840,2160,,,,,unknown,,0.2988,2,-0.865,-0.0019,food
Pepsi,2003,2003.png,6,0.8644,"#f8fafb,#0252a1,#ff1920,#08b3f3,#4c84bf,#a3bcdd",0.595,56.5,3,0.467,140.0,1,0.0393,1.7778,3840,2160,,,,,unknown,,0.1078,2,0.041,0.0095,food
Pepsi,2006,2006.jpg,6,0.7687,"#16599e,#318fbd,#d73234,#afbbc3,#c64244,#dd766e",0.933,46.3,2,0.395,132.7,1,0.0365,1.7778,3840,2160,,,,,unknown,,0.0282,0,-0.073,-0.0028,food
Pepsi,2008,2008.png,3,0.8427,"#ff2431,#034888,#fdfdfe",0.793,63.8,2,0.394,170.2,1,0.0288,1.7778,3840,2160,,,,,unknown,,0.2031,-3,0.375,-0.0077,food
Pepsi,2014,2014.png,3,0.8625,"#035b97,#ff1336,#fefefe",0.825,57.7,2,0.478,174.4,1,0.0224,1.7778,3840,2160,,,,,unknown,,0.011,0,0.042,-0.0064,food
Pepsi,2023,2023.jpg,5,0.5368,"#fe1300,#0e0d8f,#020202,#cfcdce,#4f4f4f",0.64,91.1,2,0.321,173.3,1,0.0298,1.7778,3840,2160,,,,,unknown,,0.1052,2,-0.011,0.0074,food
Pringles,1967,1967.png,4,0.6792,"#010101,#fefefe,#fdf507,#b9380d",0.17,77.8,2,0.098,88.4,1,0.0379,1.7778,3840,2160,,,,,unknown,,,,,,food
Pringles,1980,1980.png,5,0.4499,"#130d0a,#968772,#8e651a,#bc8c1f,#4a3625",0.396,31.1,1,0.014,52.2,1,0.0336,1.7778,3840,2160,,,,,unknown,,0.1366,1,-0.362,-0.0043,food
Pringles,1986,1986.png,4,0.5701,"#020101,#fefefe,#fdbc00,#490001",0.263,62.0,2,0.08,94.1,1,0.0338,1.7778,3840,2160,,,,,unknown,,0.1464,-1,0.419,0.0002,food
Pringles,1996,1996.png,4,0.7026,"#1f191a,#fefefe,#fef300,#b36a39",0.282,73.2,2,0.04,110.0,1,0.0366,1.7778,3840,2160,,,,,unknown,,0.0329,0,0.159,0.0028,food
Pringles,2002,2002.png,5,0.7318,"#030201,#fefefe,#fa0c03,#f9e400,#b0723d",0.528,81.2,2,0.102,158.3,1,0.0361,1.7778,3840,2160,,,,,unknown,,0.1468,1,0.483,-0.0005,food
Pringles,2009,2009.png,7,0.6776,"#030201,#f7f8f7,#fee403,#dc7711,#f91b1e,#984e03,#552b04",0.393,70.9,2,0.062,121.2,1,0.0404,1.7778,3840,2160,,,,,unknown,,0.1473,2,-0.371,0.0043,food
Pringles,2020,2020.jpg,4,0.7,"#171415,#fee405,#eb1c24,#cac9c7",0.302,74.8,2,0.061,115.3,1,0.025,1.7778,3840,2160,,,,,unknown,,0.1251,-3,-0.059,-0.0154,food
Pringles,2021,2021.png,4,0.6994,"#fefefe,#231e1f,#cf122e,#da6b7b",0.297,73.1,1,0.002,104.7,1,0.0241,1.7783,3000,1687,,,,,unknown,,0.0341,0,-0.106,-0.0009,food
BMW,1963,1963.png,3,0.6209,"#111111,#fdfdfd,#0192cc",0.163,40.3,1,0.001,81.3,1,0.0302,1.7778,3840,2160,,,,,unknown,,,,,,auto
BMW,1970,1970.png,5,0.6582,"#fefefe,#0298d6,#020202,#012473,#fe7a8c",0.423,47.9,3,0.316,110.3,1,0.0277,1.7778,3840,2160,,,,,unknown,,0.184,2,0.29,-0.0025,auto
BMW,1997,1997.png,7,0.5358,"#040405,#eaedee,#0aa0ce,#6b6f71,#373a3b,#016f93,#acb8be",0.168,35.0,1,0.005,76.7,1,0.0332,1.7778,3840,2160,,,,,unknown,,0.1658,2,-0.336,0.0055,auto
BMW,2020,2020.png,2,0.5855,"#0167b6,#757575",0.474,48.8,1,0.0,105.6,1,0.0269,1.7778,3840,2160,,,,,unknown,,0.2389,-5,0.289,-0.0063,auto
Ford,1965,1965.jpg,4,0.6314,"#013376,#bed0df,#3c5a82,#7890ad",0.97,43.2,1,0.002,49.0,1,0.0399,1.7778,1024,576,,,,,unknown,,,,,,auto
Ford,1976,1976.jpg,5,0.5025,"#071a49,#0a397e,#c9ccd1,#838894,#474b54",0.699,35.2,1,0.003,49.8,1,0.0354,1.6209,1099,678,,,,,unknown,,0.0534,1,0.008,-0.0045,auto
Ford,2000,2000.png,2,0.5302,"#21407a,#566c95",1.0,34.4,1,0.003,34.0,1,0.0281,1.7778,3840,2160,,,,,unknown,,0.1845,-3,-0.158,-0.0073,auto
Ford,2003,2003.png,7,0.6288,"#f3f4f4,#013674,#049dd9,#046cac,#babfc5,#031138,#6d7078",0.696,40.0,2,0.034,100.2,1,0.0499,1.7778,3840,2160,,,,,unknown,,0.3322,5,0.662,0.0218,auto
Honda,1969,1969.png,1,0.0005,#000000,0.0,0.0,0,0.0,0.0,0,0.0181,1.7778,3840,2160,,,,,unknown,,,,,,auto
Honda,1981,1981.png,1,0.0,#000000,0.0,0.0,0,0.0,0.0,0,0.0299,1.7778,3840,2160,,,,,unknown,,0.0047,0,0.0,0.0118,auto
Honda,2000,2000.png,1,0.0,#000000,0.0,0.0,0,0.0,0.0,0,0.0317,1.7778,3840,2160,,,,,unknown,,0.0007,0,0.0,0.0018,auto
Honda,2024,2024.jpg,1,0.0012,#000000,0.0,0.0,0,0.0,0.0,1,0.0165,1.7778,2000,1125,,,,,unknown,,0.0061,0,0.0,-0.0152,auto
Jaguar,1957,1957.png,8,0.6355,"#2d2916,#d46c2a,#c7c4a3,#686140,#998d66,#ad6e36,#e4d773,#b6a751",0.803,37.7,2,0.067,78.7,1,0.0428,1.7771,1100,619,,,,,unknown,,,,,,auto
Jaguar,1982,1982.png,2,0.2417,"#005840,#222321",0.646,30.6,1,0.0,60.2,1,0.0357,1.7778,3840,2160,,,,,unknown,,0.2398,-6,-0.185,-0.0071,auto
Jaguar,2001,2001.png,1,0.0,#000000,0.0,0.0,0,0.0,0.0,0,0.0348,1.591,1023,643,,,,,unknown,,0.2583,-1,-0.602,-0.0009,auto
Jaguar,2012,2012.png,5,0.4809,"#e1e1e1,#a7a5a6,#767575,#474546,#211f1f",0.0,0.0,0,0.0,2.1,1,0.0365,1.7778,3840,2160,,,,,unknown,,0.2049,4,0.021,0.0017,auto
Jaguar,2021,2021.png,1,0.115,#1d1d1b,0.0,0.0,0,0.0,1.0,0,0.0371,1.7778,1600,900,,,,,unknown,,0.2024,-4,-0.011,0.0006,auto
Jaguar,2024,2024.jpg,3,0.5705,"#4d4b4e,#969597,#d0cfd0",0.0,0.0,0,0.0,1.8,1,0.0177,1.7778,1200,675,,,,,unknown,,0.176,2,0.008,-0.0194,auto
Mazda,1959,1959.jpg,6,0.7544,"#cf0203,#031d5e,#bb3c3d,#df8f8f,#f3d8da,#a6b4c9",0.968,65.9,2,0.255,167.0,1,0.0322,1.4603,1104,756,,,,,unknown,,,,,,auto
Mazda,1975,1975.jpg,4,0.8157,"#0580c5,#c6eff7,#438dad,#7dbdd7",0.99,41.1,2,0.012,88.7,1,0.0172,1.6871,992,588,,,,,unknown,,0.2459,-2,-0.783,-0.015,auto
Mazda,1991,1991.jpg,3,0.8392,"#0580c6,#c4edf7,#53a0c4",0.991,43.1,2,0.006,82.7,1,0.0373,1.511,1103,730,,,,,unknown,,0.0825,-1,-0.06,0.0201,auto
Mazda,1992,1992.png,1,0.7513,#007cc0,1.0,43.2,1,0.0,56.1,1,0.0319,1.589,1152,725,,,,,unknown,,0.2345,-2,-0.266,-0.0054,auto
Mazda,1997,1997.jpg,6,0.5726,"#1a1a1b,#0580c4,#c2c4c5,#8b8c8c,#5a5a5b,#88c8e0",0.266,41.2,2,0.012,89.2,1,0.0523,1.3273,1099,828,,,,,unknown,,0.2952,5,0.331,0.0204,auto
Mazda,2015,2015.png,5,0.6402,"#433f3f,#e7e7e8,#919193,#bfc1c3,#055db0",0.127,44.4,1,0.009,51.7,1,0.0424,1.5895,1661,1045,,,,,unknown,,0.1331,-1,-0.375,-0.0099,auto
Mazda,2018,2018.png,5,0.4823,"#080808,#ececec,#b3b3b3,#808080,#414141",0.0,0.0,0,0.0,0.0,1,0.0386,1.7776,3900,2194,,,,,unknown,,0.1174,0,-0.517,-0.0038,auto
Mazda,2024,2024.jpg,3,0.3909,"#010101,#c3c3c3,#686868",0.0,0.0,0,0.0,0.0,1,0.023,1.7778,3840,2160,,,,,unknown,,0.1062,-2,0.0,-0.0156,auto
Mercedes-Benz,1933,1933.jpg,5,0.5834,"#aaabaf,#d8dce8,#09174d,#757d9c,#3b4367",0.421,28.1,1,0.006,32.3,1,0.0574,1.5,900,600,,,,,unknown,,,,,,auto
Mercedes-Benz,1989,1989.jpg,4,0.5254,"#cbcfd7,#1f2432,#535a6f,#8e949f",0.254,15.5,1,0.002,14.8,1,0.0317,1.6667,1000,600,,,,,unknown,,0.0953,-1,-0.175,-0.0257,auto
Mercedes-Benz,2009,2009.png,1,0.6002,#999694,0.0,0.0,0,0.0,1.9,1,0.0295,1.7778,3840,2160,,,,,unknown,,0.2267,-3,-0.129,-0.0022,auto
Mercedes-Benz,2011,2011.jpg,4,0.4417,"#4a4d4f,#c9cbcb,#8d9092,#0d1316",0.0,0.0,0,0.0,6.6,1,0.0387,1.7778,1920,1080,,,,,unknown,,0.2006,3,0.047,0.0092,auto
Nissan,1970,1970.jpg,3,0.3809,"#020203,#bdc2c3,#5c5e5d",0.001,12.8,0,0.004,7.6,1,0.027,1.7778,3840,2160,,,,,unknown,,,,,,auto
Nissan,1978,1978.jpg,4,0.7705,"#014793,#fe2a26,#4d7caa,#b0c5d7",0.979,49.0,2,0.147,115.1,1,0.0309,1.7778,3840,2160,,,,,unknown,,0.3041,1,1.075,0.0039,auto
Nissan,1988,1988.png,4,0.4261,"#141414,#cecece,#3b3b3b,#969594",0.0,0.0,0,0.0,0.7,1,0.0445,1.7778,3840,2160,,,,,unknown,,0.2592,0,-1.144,0.0136,auto
Nissan,1989,1989.png,1,0.0,#000000,0.0,0.0,0,0.0,0.0,0,0.0223,1.7778,3840,2160,,,,,unknown,,0.1978,-3,-0.007,-0.0222,auto
Nissan,1990,1990.png,4,0.4302,"#020202,#d3d3d3,#949392,#4e4e4e",0.0,0.0,0,0.0,0.8,1,0.0485,1.7778,3840,2160,,,,,unknown,,0.1996,3,0.008,0.0262,auto
Nissan,1992,1992.png,1,0.0,#000000,0.0,0.0,0,0.0,0.0,0,0.0479,1.7778,3840,2160,,,,,unknown,,0.1893,-3,-0.008,-0.0006,auto
Nissan,1998,1998.png,1,0.0,#000000,0.0,0.0,0,0.0,0.0,0,0.0528,1.7778,3840,2160,,,,,unknown,,0.002,0,0.0,0.0049,auto
Nissan,2001,2001.jpg,5,0.3811,"#303030,#010101,#cccccc,#8a8a8a,#5f5f5f",0.0,0.0,0,0.0,0.0,1,0.0345,1.7778,3840,2160,,,,,unknown,,0.2073,4,0.0,-0.0183,auto
Nissan,2012,2012.png,5,0.4919,"#f0f0f0,#231f1c,#a7a6a5,#6d6b6a,#4c4846",0.0,0.0,0,0.0,2.8,1,0.0336,1.7778,3840,2160,,,,,unknown,,0.006,0,0.028,-0.0009,auto
Nissan,2020,2020.jpg,3,0.4161,"#1e1211,#b5b4b3,#6c6767",0.0,12.5,0,0.0,9.3,1,0.027,1.7778,3840,2160,,,,,unknown,,0.1156,-2,0.065,-0.0066,auto
Subaru,1970,1970.jpg,6,0.4851,"#080c1e,#ced2d8,#273858,#485e8c,#9498a3,#626169",0.444,19.3,1,0.025,23.6,1,0.0723,1.7778,3840,2160,,,,,unknown,,,,,,auto
Subaru,1980,1980b.jpg,5,0.4254,"#15181b,#cdced1,#3d3e44,#614f4e,#87898e",0.024,14.7,0,0.309,10.5,1,0.0413,1.7778,3840,2160,,,,,unknown,,0.0928,-1,-0.131,-0.031,auto
Subaru,1980,1980.jpg,4,0.4682,"#4f5155,#16181d,#cecfd2,#949599",0.0,12.6,0,0.002,5.0,1,0.0734,1.7778,3840,2160,,,,,unknown,,0.0738,-1,-0.055,0.0321,auto
Subaru,1999,1999.jpg,9,0.423,"#bdbdbd,#03186f,#08062b,#070545,#707070,#0f1012,#0358a2,#0589cd,#3e3f3e",0.586,46.7,2,0.029,79.5,1,0.0406,1.7778,3840,2160,,,,,unknown,,0.326,5,0.745,-0.0328,auto
Subaru,2003,2003.jpg,7,0.4256,"#050506,#1f327c,#49528e,#878888,#cdcdcd,#2e324c,#464647",0.432,40.9,1,0.001,47.1,1,0.0454,1.5892,1300,818,,,,,unknown,,0.1348,-2,-0.324,0.0048,auto
Toyota,1978,1978.png,1,1.0,#ff0101,1.0,104.2,1,0.0,91.4,1,0.0197,1.7778,3840,2160,,,,,unknown,,,,,,auto
Toyota,1989,1989.png,1,0.9897,#fc0304,1.0,102.6,1,0.0,98.1,1,0.0216,1.7778,3840,2160,,,,,unknown,,0.0142,0,0.067,0.0019,auto
Toyota,2005,2005.png,5,0.5945,"#d82027,#afb2b3,#f1f2f2,#545655,#1f2323",0.333,80.8,1,0.0,116.5,1,0.0395,1.7778,1920,1080,,,,,unknown,,0.244,4,0.184,0.0179,auto
Toyota,2019,2019.png,3,0.6404,"#eb0a1e,#000000,#fffcfc",0.627,90.5,1,0.001,162.3,1,0.0255,3.25,3900,1200,,,,,unknown,,0.1972,-2,0.458,-0.014,auto
Toyota,2020,2020.jpg,2,0.4904,"#282831,#c8c8c9",0.0,0.0,0,0.0,4.9,1,0.0255,1.7778,3840,2160,,,,,unknown,,0.4106,-1,-1.574,0.0,auto
Volkswagen,1967,1967.jpg,2,0.8941,"#279cd8,#b1e1f0",0.991,39.3,1,0.005,76.3,1,0.0223,1.5968,1089,682,,,,,unknown,,,,,,auto
Volkswagen,1978,1978.png,2,0.9997,"#fefeff,#0154ff",0.503,96.3,1,0.001,145.2,1,0.0257,1.7778,3840,2160,,,,,unknown,,0.1392,0,0.689,0.0034,auto
Volkswagen,1989,1989.png,1,0.9925,#00c2fd,1.0,45.0,1,0.001,78.2,1,0.0244,1.7778,3840,2160,,,,,unknown,,0.2595,-1,-0.67,-0.0013,auto
Volkswagen,1995,1995.png,2,0.8508,"#fefeff,#0157b3",0.53,55.7,1,0.001,104.2,1,0.0268,1.7778,3840,2160,,,,,unknown,,0.178,1,0.26,0.0024,auto
Volkswagen,1999,1999.png,2,0.8355,"#fefeff,#054bab",0.513,59.0,1,0.005,97.7,1,0.0274,1.7778,3840,2160,,,,,unknown,,0.0132,0,-0.065,0.0006,auto
Volkswagen,2000,2000.jpg,7,0.5731,"#c7c9ca,#3073af,#093665,#84add5,#09243f,#909598,#405c75",0.692,33.1,1,0.007,68.5,1,0.0358,1.658,1600,965,,,,,unknown,,0.2403,5,-0.292,0.0084,auto
Volkswagen,2012,2012.jpg,7,0.47,"#c7c7c7,#243e72,#9a9b9d,#0b0d12,#7896c2,#131e38,#5f6164",0.52,32.1,1,0.005,45.4,1,0.048,1.603,1066,665,,,,,unknown,,0.0511,0,-0.231,0.0122,auto
Volkswagen,2019,2019.jpg,4,0.5388,"#021d50,#7a889b,#c7d2dc,#31425e",0.952,35.1,1,0.002,34.4,1,0.0257,1.7778,1280,720,,,,,unknown,,0.1381,-3,-0.11,-0.0223,auto
Volvo,1970,1970.png,3,0.8561,"#fefeff,#2b6fb6,#9cbbda",0.314,42.0,1,0.001,67.9,1,0.0395,1.5898,6000,3774,,,,,unknown,,,,,,auto
Volvo,1999,1999.png,5,0.502,"#1b1d83,#838788,#4d5559,#e7e9e9,#292e34",0.326,63.8,1,0.0,56.0,1,0.0299,1.5894,2400,1510,,,,,unknown,,0.1276,2,-0.119,-0.0096,auto
Volvo,2013,2013.png,6,0.5426,"#eef2f6,#083490,#0b0c0e,#818b95,#3d434b,#b7bfcb",0.255,58.6,1,0.001,60.8,1,0.042,1.5898,3000,1887,,,,,unknown,,0.0561,1,0.048,0.0121,auto
Volvo,2014,2014.png,6,0.4367,"#d8d9d9,#a7a9ab,#1d2e5e,#2f3336,#030308,#6b717b",0.143,31.9,1,0.001,22.9,1,0.0378,1.5895,4600,2894,,,,,unknown,,0.0775,0,-0.379,-0.0042,auto
Volvo,2020,2020.png,1,0.0669,#0e0e11,0.0,0.0,0,0.0,1.2,0,0.0147,1.7778,3840,2160,,,,,unknown,,0.2735,-5,-0.217,-0.0231,auto
Volvo,2021,2021.jpg,3,0.2849,"#010101,#949494,#454545",0.0,0.0,0,0.0,0.0,1,0.0221,1.7778,3840,2160,,,,,unknown,,0.172,2,-0.012,0.0074,auto
